{
    "29 00 A9 09 7B 4": [
        "Carro"
    ],
    "1w23232": [
        "23232"
    ],
    "dssdf": [
        "54345"
    ],
    "sdsddsf": [
        "erewte"
    ],
    "345": [
        "5345"
    ],
    "354": [
        "65465"
    ],
    "fdfs": [
        "dfsf"
    ],
    "a": [
        "2423",
        "53345",
        "545"
    ],
    "43 AR 45 FY 65": [
        "Controle Quebrado",
        "fodase"
    ],
    "sdfsdf": [
        "dsadf"
    ],
    "dasdsd": [
        "sfsdfsd"
    ],
    "29 0 9A 90 97 ": [
        " Controle Faltando , 2019-06-06 13:51:02",
        " Controle Faltando , 2019-06-06 13:51:02",
        "Projetor Sem ligar, 2019-06-06 13:51:02",
        " Controle Faltando , 2019-06-06 13:51:02",
        " Controle Faltando , 2019-06-06 13:51:02",
        "Cadeira  Quebrada , 2019-06-06 13:51:02",
        "Projetor Sem ligar, 2019-06-06 13:51:02",
        "Projetor Sem ligar, 2019-06-06 13:51:02",
        " Controle Faltando , 2019-06-06 13:51:02",
        " Controle Faltando , 2019-06-06 13:51:02",
        " Controle Faltando , 2019-06-06 13:51:02",
        " Controle Faltando , 2019-06-06 13:51:02",
        " Controle Quebrado, 2019-06-06 13:51:02",
        "Ar-condicionado Pingando , 2019-06-06 13:51:02",
        "Luz  Piscando , 2019-06-06 13:51:02",
        " Controle Faltando , 2019-06-06 13:51:02",
        " Controle Sem bateria, 2019-06-06 13:51:02",
        " Controle Faltando , 2019-06-06 13:51:02"
    ]
}